date,sal_logger1,temp_logger1,n_logger1,sal_logger3,temp_logger3,n_logger3,stage_ft,n_stage,sal_logger1_z,sal_logger3_z,temp_logger1_z,temp_logger3_z,stage_ft_z,temp_mean,temp_mean_z
2025-06-12,0.05703703703703703,27.01074074074074,27,0.06083333333333333,26.977083333333333,48,5.088947368421053,95,-0.7070033430327917,-0.7604498104902356,0.6556899431702683,0.6153371510401977,2.525194248086941,26.993912037037035,0.6358055638378628
2025-06-13,0.06,26.361250000000002,48,0.06,26.921666666666667,48,5.552526315789474,95,-0.681102612423749,-0.7610096236790377,0.5557965466112624,0.6069751121661936,2.8855356071918115,26.641458333333333,0.5820737818349851
2025-06-14,0.06,26.443125000000002,48,0.06,26.79875,48,5.793578947368421,95,-0.681102612423749,-0.7610096236790377,0.568389138514791,0.5884277327088158,3.072906568215915,26.6209375,0.5789453682828015
2025-06-15,0.06,26.502291666666668,48,0.06,26.86125,48,5.645894736842105,95,-0.681102612423749,-0.7610096236790377,0.577489128592659,0.5978586036193467,2.958111171571016,26.68177083333333,0.5882194470364832
2025-06-16,0.06,26.514375,48,0.06,26.922708333333333,48,5.332526315789473,95,-0.681102612423749,-0.7610096236790377,0.5793475772705333,0.6071322933480356,2.7145289222396816,26.718541666666667,0.5938251829954729
2025-06-17,0.06,26.22875,48,0.06,26.766875,48,5.138947368421053,95,-0.681102612423749,-0.7610096236790377,0.5354176955918115,0.5836179885444451,2.56405940375788,26.497812500000002,0.5601748869696987
2025-06-18,0.06,26.338125,48,0.06,26.901458333333334,48,5.029368421052632,95,-0.681102612423749,-0.7610096236790377,0.5522398603484338,0.6039257972384554,2.4788833468032543,26.619791666666668,0.5787706852925781
2025-06-19,0.06,26.721041666666665,48,0.06,27.128541666666667,48,4.960421052631579,95,-0.681102612423749,-0.7610096236790377,0.6111334581059027,0.6381912948800511,2.4252903426675396,26.924791666666664,0.6252681212356959
2025-06-20,0.06,26.880833333333335,48,0.06,27.373541666666668,48,4.934631578947369,95,-0.681102612423749,-0.7610096236790377,0.6357098397598637,0.6751603088493326,2.405244104479371,27.1271875,0.6561234894178956
2025-06-21,0.060625,27.257708333333333,48,0.06,27.667291666666667,48,5.073684210526316,95,-0.6756391770609042,-0.7610096236790377,0.6936742131783958,0.71948540212882806,2.51333014793476,27.4625,0.7072420844660159
2025-06-22,0.06,27.352916666666665,48,0.06020833333333333,27.841458333333332,48,5.218315789473684,95,-0.681102612423749,-0.7608696703818371,0.7083175070713029,0.7457660957328407,2.6257527245492223,27.597187499999997,0.7277752759531918
2025-06-23,0.06,27.519791666666666,48,0.06020833333333333,27.89375,48,5.334526315789474,95,-0.681102612423749,-0.7608696703818371,0.7339833241571209,0.7536565910613185,2.7160835284665192,27.706770833333334,0.7444813219272908
2025-06-24,0.06,27.7525,48,0.06,27.895416666666666,48,5.353052631578947,95,-0.681102612423749,-0.7610096236790377,0.7697744823154963,0.7539080809522658,2.7304840914098563,27.823958333333334,0.7623466277455996
2025-06-25,0.06041666666666667,27.940625,48,0.06020833333333333,28.058958333333333,48,5.255578947368421,95,-0.6774603221818524,-0.7608696703818371,0.7987086056968863,0.7785855265014886,2.654717493196616,27.999791666666667,0.7891525266089819
2025-06-26,0.06875,27.994375,48,0.06166666666666667,28.123958333333334,48,4.951578947368421,95,-0.6046145173439204,-0.7598899973014335,0.8069754980915693,0.788393632248441,2.41841734671731,28.05916666666667,0.7982042815569255
2025-06-27,0.07,27.998541666666668,48,0.06208333333333333,28.295833333333334,48,4.606,95,-0.5936876466182305,-0.7596100907070326,0.8076163424632501,0.8143285272524011,2.1497977549958547,28.1471875,0.8116231112604548
2025-06-28,0.07,27.912708333333335,48,0.06395833333333334,28.345833333333335,48,4.1182105263157895,95,-0.5936876466182305,-0.758350511032228,0.7944149484066246,0.821873223980826,1.7706374784082148,28.129270833333337,0.8088917045042338
2025-06-29,0.07,27.966875,48,0.06958333333333334,28.572291666666665,48,3.662736842105263,95,-0.5936876466182305,-0.7545717720078142,0.8027459252384758,0.856044412913316,1.4165963655910547,28.269583333333333,0.8302824306706883
2025-06-30,0.07,27.996041666666667,48,0.07,28.6675,48,3.4086315789473685,95,-0.5936876466182305,-0.7542918654134131,0.8072318358402414,0.8704107729336918,1.2190795534023273,28.331770833333334,0.8397629529582709
2025-07-01,0.07,27.840833333333332,48,0.06979166666666667,28.730208333333334,48,3.231578947368421,95,-0.5936876466182305,-0.7544318187106137,0.7833603829951298,0.8798730800805912,1.081455991637025,28.285520833333333,0.8327121122619783
2025-07-02,0.07,28.199791666666666,48,0.06979166666666667,29.292083333333334,48,3.4306315789473683,95,-0.5936876466182305,-0.7544318187106137,0.8385691256154346,0.9646566095662646,1.2361802218975402,28.7459375,0.9029029137881336
2025-07-03,0.07,28.824791666666666,48,0.07,29.628333333333334,48,3.768315789473684,95,-0.5936876466182305,-0.7542918654134131,0.9346957813675613,1.015394695064921,1.498663210092005,29.2265625,0.9761744880509572
2025-07-04,0.07,29.385208333333335,48,0.069375,29.920833333333334,48,3.9522105263157896,95,-0.5936876466182305,-0.7547117253050147,1.020889349358635,1.059531170926206,1.6416051615806992,29.653020833333336,1.041188320957763
2025-07-05,0.07,29.41125,48,0.06854166666666667,30.145,48,3.9502105263157894,95,-0.5936876466182305,-0.7552715384938167,1.0248946266816399,1.0933565612586436,1.6400505553538611,29.778125,1.060260527435797
2025-07-06,0.07,29.261875,48,0.06666666666666667,29.99041666666667,48,3.639157894736842,95,-0.5936876466182305,-0.7565311181686214,1.001920355956882,1.070030873873264,1.3982683763904438,29.626145833333332,1.0370912108234303
2025-07-07,0.07,29.187291666666667,48,0.07,29.90833333333333,48,3.078,95,-0.5936876466182305,-0.7542918654134131,0.9904492417037948,1.0576449967440995,0.9620785976919737,29.5478125,1.025149246400881
2025-07-08,0.07416666666666667,29.156458333333333,48,0.06979166666666667,29.899375,48,2.4076842105263156,95,-0.5572647441992645,-0.7544318187106137,0.9857069933533564,1.0562932385802568,0.4410400475603179,29.527916666666666,1.022116114479728
2025-07-09,0.078125,29.445416666666667,48,0.07083333333333335,29.9825,48,1.845263157894737,95,-0.5226629869012468,-0.7537320522246111,1.030149550529423,1.0688362968912635,0.003868412297529616,29.713958333333334,1.0504782799832832
2025-07-10,0.08,29.661041666666666,48,0.07625,30.170833333333334,48,1.579263157894737,95,-0.506272680812712,-0.7500932664973979,1.0633132467639066,1.09725465456833,-0.20289421587186335,29.9159375,1.081270127078128
2025-07-11,0.08,29.925,48,0.07791666666666668,30.268333333333334,48,1.4558947368421054,95,-0.506272680812712,-0.7489736401197938,1.1039107377098882,1.1119668131887581,-0.29878887365363166,30.096666666666668,1.10882239871792
2025-07-12,0.08020833333333334,30.0625,48,0.07895833333333334,30.448541666666667,48,1.4043157894736842,95,-0.5044515356917637,-0.7482738736337913,1.1250586019753561,1.1391591576474558,-0.33888135002996833,30.255520833333335,1.1330398132716277
2025-07-13,0.08,30.177083333333332,48,0.07125000000000001,30.5675,48,1.4943157894736843,95,-0.506272680812712,-0.7534521456302101,1.142681822196579,1.1571092486138328,-0.2689240698222789,30.372291666666666,1.150841598002582
2025-07-14,0.08,30.335208333333334,48,0.07333333333333333,30.721041666666668,48,1.4536842105263157,95,-0.506272680812712,-0.7520526126582051,1.1670018661018675,1.1802777548173708,-0.30050712264118906,30.528125000000003,1.1745984846729736
2025-07-15,0.08,30.444791666666667,48,0.081875,31.013958333333335,48,1.2885263157894737,95,-0.506272680812712,-0.7463145274729841,1.1838560730770735,1.2244771031513926,-0.4288848684258259,30.729375,1.2052791698649488
2025-07-16,0.08041666666666666,30.632083333333334,48,0.24520833333333333,31.4325,48,1.2663157894736843,95,-0.5026303905708155,-0.6365911424677839,1.2126620275841276,1.2876325020155817,-0.44614917968175855,31.032291666666666,1.2514590003712969
2025-07-17,0.08270833333333333,31.117916666666666,48,0.8491666666666666,31.131875,48,1.7197894736842105,95,-0.48259779424038424,-0.23086653388350442,1.2873844813221138,1.2422700129359276,-0.09366267309143618,31.124895833333333,1.2655765620357207
2025-07-18,0.08604166666666667,31.20895833333333,48,1.1708333333333334,30.98,48,2.1694736842105264,95,-0.45345947230521133,-0.014778643005916345,1.3013869308433401,1.2193529966233374,0.25587826380593104,31.094479166666666,1.2609395226588795
2025-07-19,0.08854166666666666,31.085,48,0.6735416666666667,31.250833333333333,48,1.9071578947368422,95,-0.43160573085383186,-0.3488471634235346,1.2823218107858354,1.2602201039023047,0.051979383949133484,31.167916666666667,1.2721351143050197
2025-07-20,0.09,31.008125,48,0.22458333333333333,31.451458333333335,48,1.7675789473684211,95,-0.41885771500719365,-0.6504465188906344,1.2704982321283236,1.2904931995251094,-0.05651576640805488,31.229791666666667,1.281567995777087
2025-07-21,0.09,31.24395833333333,48,0.13604166666666667,31.687291666666667,48,1.585578947368421,95,-0.41885771500719365,-0.7099266702008514,1.3067700235654591,1.3260790190941794,-0.19798493305027123,31.465625,1.3175209312194431
2025-07-22,0.09,31.574375,48,0.12770833333333334,32.005,48,1.4441052631578948,95,-0.41885771500719365,-0.7155248020888718,1.3575889822397504,1.3740192795560453,-0.3079528682539372,31.7896875,1.3669244569090062
2025-07-23,0.09,31.910208333333333,48,0.19708333333333333,32.11541666666667,48,1.3607368421052632,95,-0.41885771500719365,-0.6689203541211018,1.4092410385972265,1.3906804848313166,-0.37275540149895464,32.0128125,1.4009399991870666
2025-07-24,0.091875,31.872083333333332,48,0.39208333333333334,31.846041666666665,48,1.4236842105263159,95,-0.40246740891865895,-0.5379240679414241,1.4033773125963465,1.3500334312069275,-0.32382621604375206,31.8590625,1.377500717953445
2025-07-25,0.09145833333333334,31.575833333333335,48,0.6775,31.451666666666668,48,1.8522105263157895,95,-0.4061096991605555,-0.34618805077672493,1.357813277769839,1.2905246357614777,0.009268623401281042,31.51375,1.3248576168088289
2025-07-26,0.09145833333333334,31.331875,48,0.513125,31.41208333333333,48,1.8065263157894738,95,-0.4061096991605555,-0.45661120226792756,1.3202918398079253,1.2845517508514743,-0.026241855674902774,31.371979166666666,1.3032445668366346
2025-07-27,0.09020833333333333,30.960416666666667,48,0.315,31.464791666666667,48,1.6132631578947367,95,-0.4170365698862453,-0.589706787905613,1.263160564072578,1.292505118652689,-0.17646591001562528,31.212604166666665,1.2789477509237346
2025-07-28,0.09,30.998333333333335,48,0.13708333333333333,31.821875,48,1.1294736842105264,95,-0.41885771500719365,-0.7092269037148489,1.2689922478548739,1.346386827788189,-0.5525169741495903,31.410104166666667,1.3090567463295244
2025-07-29,0.09,31.07875,48,0.370625,32.21395833333333,48,0.9448421052631579,95,-0.41885771500719365,-0.5523392575530768,1.2813605442283138,1.4055498246335865,-0.6960316753008033,31.646354166666665,1.3450732028592347
2025-07-30,0.09166666666666666,31.225,48,1.4083333333333332,32.051458333333336,48,1.211578947368421,95,-0.4042885540396073,0.14476811580266535,1.3038541816743119,1.3810295602662068,-0.4886962974688913,31.63822916666667,1.3438345416558324
2025-07-31,0.09229166666666666,31.402916666666666,48,1.7722916666666666,31.982708333333335,48,1.2938947368421052,95,-0.3988251186767624,0.389266526011957,1.3312182363450835,1.3706556022646226,-0.42471197802747257,31.692812500000002,1.3521558040992048
2025-08-01,0.09229166666666666,31.38125,48,1.393125,32.001875,48,1.3821052631578947,95,-0.3988251186767624,0.13455152510702814,1.3278858456123435,1.3735477360105182,-0.35614566128590097,31.6915625,1.3519652408371425
2025-08-02,0.09375,31.54375,48,0.9577083333333334,31.968958333333333,48,1.1157894736842104,95,-0.38607710283012425,-0.15795086604203845,1.352878776107896,1.3685808106643054,-0.5631537535963737,31.756354166666668,1.3618427699206876
2025-08-03,0.09395833333333334,31.819583333333334,48,0.8579166666666667,31.890625,48,1.0549473684210526,95,-0.38425595770917587,-0.22498849540108296,1.3953026735131682,1.3567607857897734,-0.6104465114443788,31.855104166666667,1.3768972676235822
2025-08-04,0.095625,31.943333333333335,48,1.0904166666666666,31.745,48,1.282421052631579,95,-0.3696867967415895,-0.06880061572531344,1.4143357513520893,1.3347868565682364,-0.4336305084866985,31.844166666666666,1.37522983908054
2025-08-05,0.0975,31.563125,48,1.1354166666666667,31.517708333333335,48,1.5024210526315789,95,-0.3532964906530548,-0.038570703530003095,1.355858702436212,1.3004899226902722,-0.262623823534569,31.540416666666665,1.3289229663994837
2025-08-06,0.095625,31.140833333333333,48,0.6722916666666666,31.57208333333333,48,1.5035789473684211,95,-0.3696867967415895,-0.34968688320673774,1.2909091253663585,1.3086947803824336,-0.2617237883506103,31.356458333333332,1.3008784063326986
2025-08-07,0.09625,31.146250000000002,48,0.406875,31.649791666666665,48,1.458,95,-0.3642233613787446,-0.527987383840188,1.291742223049544,1.3204204965478605,-0.2971524460464343,31.398020833333334,1.307214634796259
2025-08-08,0.09458333333333334,31.081875,48,0.388125,31.476875,48,1.4138947368421053,95,-0.378792522346331,-0.5405831805882338,1.2818411775070746,1.2943284203620584,-0.33143560441722003,31.279375,1.2891270051722115
2025-08-09,0.09291666666666666,31.046458333333334,48,0.6052083333333333,31.21,48,1.4816842105263157,95,-0.39336168331391747,-0.394751844905302,1.2763940003477874,1.2540586015740913,-0.27874263546546346,31.128229166666667,1.2660847307345526
2025-08-10,0.09416666666666666,30.800625,48,0.9104166666666667,30.850833333333334,48,1.632,95,-0.38243481258822765,-0.18972026450655435,1.2385841824186177,1.1998625300749066,-0.16190170431156833,30.82572916666667,1.2199684213155584
2025-08-11,0.09395833333333334,30.701458333333335,48,1.14375,30.738958333333333,48,1.7051578947368422,95,-0.38425595770917587,-0.0329725716419827,1.2233320863726138,1.182981271145056,-0.10503584496145811,30.720208333333332,1.2038817059431608
2025-08-12,0.09083333333333334,30.620208333333334,48,1.7216666666666667,30.6675,48,1.7069473684210525,95,-0.41157313452340044,0.35525787479223303,1.2108356211248372,1.1721986420706825,-0.10364488149534046,30.643854166666667,1.192241466685543
2025-08-13,0.09083333333333334,30.471458333333334,48,1.9891666666666667,30.27520833333333,48,2.0483333333333333,54,-0.41157313452340044,0.5349579083976884,1.187957477055831,1.1130042089889163,0.16171549190844653,30.373333333333335,1.1510004007209673
2025-08-14,0.09020833333333333,30.180833333333332,48,1.1870833333333333,30.608958333333334,48,1.5561842105263157,76,-0.4170365698862453,-0.00386228582427662,1.1432585821310919,1.1633650596511518,-0.22083355351576509,30.394895833333333,1.154287616991536
2025-08-15,0.09041666666666666,30.066458333333333,48,0.8054166666666667,30.809583333333332,48,1.642,95,-0.4152154247652971,-0.2602567262956116,1.125667404128453,1.1936381552739561,-0.1541286731773806,30.438020833333333,1.1608620495326734
2025-08-16,0.09,30.308958333333333,48,0.4625,30.963541666666668,48,1.4516842105263157,95,-0.41885771500719365,-0.49061985348765164,1.162964546560278,1.216869533950231,-0.3020617288680266,30.63625,1.1910822068413327
2025-08-17,0.091875,30.7725,48,0.33187500000000003,31.149583333333332,48,1.4954736842105263,95,-0.40246740891865895,-0.5783705708323716,1.234258482909772,1.2449420930272443,-0.2680240346383204,30.961041666666667,1.2405968944337653
2025-08-18,0.09666666666666666,31.085416666666667,48,0.36395833333333333,31.424583333333334,48,1.6969473684210525,95,-0.360581071136848,-0.556817763063493,1.2823858952230034,1.286437925033581,-0.11141791262952817,31.255000000000003,1.2854110215620034
2025-08-19,0.09770833333333334,31.185208333333332,48,0.405625,31.613958333333333,48,1.6314736842105264,95,-0.35147534553210646,-0.5288271036233909,1.2977341179247592,1.3150134638924895,-0.16231081121336752,31.399583333333332,1.3074528388738362
2025-08-20,0.099375,31.371041666666667,48,0.6566666666666666,31.393541666666668,48,1.7177894736842105,95,-0.33690618456452004,-0.360183380496776,1.3263157769017253,1.281753925814684,-0.09521727931827371,31.382291666666667,1.304816713748646
2025-08-21,0.09833333333333334,31.436666666666667,48,0.675,31.441875,48,1.7655789473684211,95,-0.3460119101692615,-0.347867490343131,1.3364090757556986,1.289047132652161,-0.05807037263489242,31.43927083333333,1.3135032224443033
2025-08-22,0.09875,31.13875,48,0.5477083333333334,31.309166666666666,48,1.6514736842105262,95,-0.342369619927365,-0.4333789549326429,1.2905887031805183,1.2690222500854669,-0.14676474894499228,31.223958333333336,1.2806787005541314
2025-08-23,0.09625,30.911875,48,0.36895833333333333,31.296458333333334,48,1.741157894736842,95,-0.3642233613787446,-0.5534588839306809,1.2556947271424959,1.2671046396669925,-0.07705293287838252,31.104166666666664,1.2624163879398593
2025-08-24,0.100625,30.94875,48,0.3489583333333333,31.434583333333332,48,1.7224210526315789,95,-0.3259793138388302,-0.5668944004619298,1.2613661998318717,1.2879468643792655,-0.0916171385824395,31.191666666666666,1.2757558162841969
2025-08-25,0.09979166666666667,31.061458333333334,48,0.37,31.423125,48,1.564315789473684,95,-0.3332638943226235,-0.5527591174446782,1.2787010400858385,1.2862178713790016,-0.2145128518829651,31.242291666666667,1.2834736283977064
2025-08-26,0.09958333333333334,30.926666666666666,48,0.7204166666666667,31.438333333333333,48,1.334421052631579,95,-0.3350850394435717,-0.31735767155341976,1.257969724661963,1.2885127166338974,-0.39321074658892236,31.182499999999997,1.274358352362409
2025-08-27,0.09791666666666667,30.710416666666667,48,1.2597916666666666,31.233333333333334,48,1.273157894736842,95,-0.34965420041115824,0.04498141489870153,1.2247099017717273,1.2575794600473562,-0.4408307899583671,30.971875,1.2422484427049691
2025-08-28,0.09666666666666666,30.516875,48,1.978125,31.158125,48,1.4510526315789474,95,-0.360581071136848,0.5275403836460613,1.194942680707152,1.2462309787183503,-0.30255265715018576,30.8375,1.2217628920333081
2025-08-29,0.09229166666666666,29.991458333333334,48,2.095,30.785833333333333,48,1.4953684210526315,95,-0.3988251186767624,0.6060541833755477,1.1141322054381977,1.1900544243279543,-0.26810585601868037,30.388645833333335,1.1533348006812263
2025-08-30,0.09020833333333333,29.287083333333335,48,1.9079166666666667,30.500208333333333,48,1.6851578947368422,95,-0.4170365698862453,0.4803761224894893,1.0057974644055512,1.1469553442668279,-0.12058190722983354,29.893645833333334,1.07787174890469
2025-08-31,0.09,29.065208333333334,48,1.5014583333333333,30.351666666666667,48,1.4904210526315789,95,-0.41885771500719365,0.20732723965129357,0.9716725016135461,1.1245413077361326,-0.27195146089559424,29.708437500000002,1.0496366255758431
2025-09-01,0.09020833333333333,29.172291666666666,48,1.9539583333333332,30.217708333333334,48,1.6033684210526316,95,-0.4170365698862453,0.511305801170802,0.9881422019657436,1.1043278077512282,-0.18415711976945306,29.695,1.0475880705086769
2025-09-02,0.09125,29.268541666666668,48,2.334791666666667,30.000833333333333,48,1.616421052631579,95,-0.4079308442815039,0.7671404284533352,1.0029457069515713,1.0716026856916854,-0.17401126860482907,29.6346875,1.0383933931141869
2025-09-03,0.09354166666666666,29.159375,48,2.2652083333333333,29.911666666666665,48,1.5337894736842106,95,-0.3878982479510726,0.7203960271883645,0.9861555844135332,1.0581479765259945,-0.23824105218732744,29.535520833333333,1.0232753743239382
2025-09-04,0.091875,29.207291666666666,48,2.2983333333333333,29.926458333333333,48,1.6397894736842105,95,-0.40246740891865895,0.7426486014432457,0.9935252946878628,1.0603799493081536,-0.15584692216493787,29.566875,1.0280553361473257
2025-09-05,0.09395833333333334,29.265416666666667,48,2.1135416666666664,29.939583333333335,48,1.6065263157894736,95,-0.38425595770917587,0.6185100268263929,1.0024650736728107,1.0623604321993654,-0.181702478358657,29.6025,1.0334863891160915
2025-09-06,0.098125,29.396041666666665,48,1.8627083333333334,29.936666666666667,48,1.5734736842105264,95,-0.34783305529020986,0.4500062569969786,1.0225555447250048,1.0619203248902072,-0.20739439179165625,29.666354166666665,1.0432209957530898
2025-09-07,0.095625,29.328958333333333,48,1.4214583333333333,29.773333333333333,48,1.048,95,-0.3696867967415895,0.15358517352629755,1.0122379503409433,1.037274315577353,-0.6158467225481301,29.551145833333333,1.0256574150997129
2025-09-08,0.0916,28.924,25,1.9170833333333333,29.221666666666668,48,0.9611578947368421,95,-0.4048713204783107,0.4865340675663117,0.9499542858572821,0.954031161673733,-0.6833493613450234,29.072833333333335,0.9527383828717041
2025-09-15,0.076,33.3725,20,3.713076923076923,29.66846153846154,13,1.4673684210526317,95,-0.5412386671349195,1.6930391458171732,1.634145370838619,1.0214497978238877,-0.28987034319440574,31.520480769230772,1.3258837266814705
2025-09-16,0.1075,29.645833333333332,48,5.126875,29.539166666666667,48,1.4543157894736842,95,-0.26588152484753635,2.642794517534575,1.0609741648072715,1.0019399858992302,-0.30001619435902976,29.5925,1.0319618830195962
2025-09-17,0.10875,30.058541666666667,48,4.859375,29.467291666666668,48,1.5265263157894737,95,-0.25495465412184654,2.4630944839291193,1.1244497998222593,0.9910944843521198,-0.24388672743215853,29.76291666666667,1.057942007747377
2025-09-18,0.10437500000000001,30.039166666666667,48,4.610625,29.215833333333332,48,1.5685263157894738,95,-0.2931987016617608,2.29599024707171,1.1214698734939432,0.9531509470554166,-0.21123999666857013,29.627499999999998,1.0372976543573305
2025-09-19,0.10229166666666667,30.21125,48,4.236458333333333,29.343541666666667,48,1.4494736842105262,95,-0.31141015287124385,2.0446341252995937,1.1479367460443621,0.9724213599492684,-0.30377997785558386,29.777395833333333,1.0601493655329277
2025-09-20,0.10104166666666667,30.296875,48,4.428541666666667,29.486458333333335,48,1.4097894736842105,95,-0.32233702359693367,2.173671065318464,1.1611060978824035,0.993986618098016,-0.33462663825125505,29.891666666666666,1.0775700237397583
2025-09-21,0.10083333333333334,30.1375,48,4.066041666666667,29.588958333333334,48,1.3047368421052632,95,-0.3241581687178819,1.9301523281895763,1.136593800665611,1.0094532463912866,-0.41628437585040584,29.863229166666667,1.073234709527849
2025-09-22,0.10187500000000001,29.775416666666665,48,4.541458333333333,29.686458333333334,48,1.4676842105263157,95,-0.3150524431131404,2.2495257524011403,1.0809044247665456,1.024165405011715,-0.2896248790533263,29.7309375,1.053066764292958
2025-09-23,0.10312500000000001,29.868125,48,4.55375,29.798541666666665,48,1.6007368421052632,95,-0.30412557238745064,2.257782996935971,1.0951632120364445,1.0410781001779335,-0.18620265427844976,29.833333333333332,1.0686770715102
2025-09-24,0.10500000000000001,29.531666666666666,48,4.260416666666667,29.7925,48,1.6613684210526316,95,-0.2877352662989159,2.0607287544776525,1.0434150290232165,1.040166449323249,-0.13907353919116433,29.662083333333335,1.0425699046077122
2025-09-25,0.10437500000000001,29.117291666666667,48,3.8741666666666665,29.513125,48,1.6506315789473684,95,-0.2931987016617608,1.801255341467906,0.9796830562595565,0.9980104563531754,-0.14741931998787114,29.31520833333333,0.9896885993855175
2025-09-26,0.1,29.280625,48,3.2627083333333333,29.613958333333333,48,1.3676842105263158,95,-0.33144274920167516,1.3904924141844082,1.0048041556294458,1.013225594755499,-0.3673551903952032,29.447291666666665,1.0098247840767314
2025-09-27,0.10083333333333334,29.525,48,2.8029166666666665,29.458333333333332,48,1.3578947368421053,95,-0.3241581687178819,1.0816154872628818,1.042389678028527,0.9897427261882766,-0.37496457876867123,29.491666666666667,1.0165897798799313
2025-09-28,0.1,29.536458333333332,48,2.6029166666666668,29.376041666666666,48,1.2970526315789475,95,-0.33144274920167516,0.947260321950392,1.0441520000506492,0.9773254128227442,-0.42225733661667636,29.456249999999997,1.0111904874548419
2025-09-29,0.1,29.61895833333333,48,2.9741666666666666,29.353125,48,1.114421052631579,95,-0.33144274920167516,1.1966570975617012,1.05684071860993,0.9738674268222162,-0.5642174315410519,29.486041666666665,1.015732245200652
2025-09-30,0.1,29.322916666666668,48,3.4527083333333333,29.321666666666665,48,1.1393684210526316,95,-0.33144274920167516,1.5181298212312737,1.0113087260020064,0.9691205551305823,-0.5448257643957626,29.322291666666665,0.9907684578705354
2025-10-01,0.09979166666666667,29.262083333333333,48,4.174166666666666,29.16229166666667,48,1.228,95,-0.3332638943226235,2.0027880894366406,1.0019523981754659,0.9450718343087288,-0.4759321621327515,29.2121875,0.9739830105372445
2025-10-02,0.09979166666666667,28.949166666666667,48,4.8152083333333335,28.999166666666667,48,1.3069473684210526,95,-0.3332638943226235,2.4334243849226116,0.9538249858622345,0.9204572612322428,-0.4145661268628486,28.97416666666667,0.9376965893862801
2025-10-03,0.1,28.517291666666665,48,5.1727083333333335,28.468333333333334,48,1.450842105263158,95,-0.33144274920167516,2.6735842429186873,0.8874014667375147,0.8403577309654665,-0.3027162999109055,28.4928125,0.8643138532205866
2025-10-04,0.10770833333333334,28.001041666666666,48,5.632291666666666,27.818333333333335,48,1.6222105263157895,95,-0.264060379726588,2.9823212165430126,0.8080008490862582,0.7422766734959447,-0.16951109268503614,27.9096875,0.7754160914686824
2025-10-05,0.14770833333333333,27.57875,48,6.82375,27.185625,48,2.114,95,0.08559948349548571,3.782714123232732,0.7430512720164048,0.6468048236450029,0.21275839635627902,27.3821875,0.6949983948785352
2025-10-06,0.168125,27.444583333333334,48,8.142083333333334,27.09125,48,2.3297894736842104,95,0.26407170534841923,4.668338587917562,0.7224160832482818,0.6325642085701008,0.38049222609401373,27.267916666666665,0.677577736671704
2025-10-07,0.213125,27.349375,48,6.842291666666667,27.360833333333332,48,1.9796842105263157,95,0.6574390514732523,3.7951699666835776,0.7077727893553741,0.6732426984308576,0.1083543150170842,27.355104166666663,0.6908695242005255
2025-10-08,0.4789583333333333,27.644583333333333,48,6.052083333333333,27.659791666666667,48,1.838,95,2.981220225803284,3.264327110402041,0.7531766130889621,0.7183536976195642,-0.0017772629473014681,27.6521875,0.7361600594839185
2025-10-09,0.41833333333333333,27.55375,48,4.569375,27.757083333333334,48,1.2305263157894737,95,2.451266995607329,2.268279494226009,0.7392062057863199,0.7330344200036242,-0.4739684490041146,27.655416666666667,0.736652347910912
2025-10-10,0.8141666666666667,27.18375,48,4.240833333333334,27.507083333333334,48,1.4765263157894737,95,5.911442725409101,2.0475731445408045,0.6822992255810608,0.6953109363615003,-0.28275188310309707,27.345416666666665,0.6893926589195456
2025-10-11,0.9070833333333334,26.992291666666667,48,4.093125,27.079166666666666,48,1.3616842105263158,95,6.723673449352043,1.9483462568256422,0.652852426702326,0.6307409068607315,-0.37201900907571583,27.035729166666666,0.6421806107436951
2025-10-12,0.8520833333333333,26.778125,48,4.194375,26.701041666666665,48,1.4072631578947368,95,6.242891137421691,2.0163635592650904,0.6199130259979305,0.5736841378520191,-0.33659035137989196,26.739583333333332,0.597032997906849
2025-10-13,0.7195833333333334,26.760833333333334,48,4.074166666666667,26.570833333333333,48,1.3908421052631579,95,5.084642840498573,1.935610506780396,0.6172535218554552,0.5540364901217464,-0.34935448671603175,26.66583333333333,0.5857897654451933
2025-10-14,0.5191666666666667,26.691666666666666,48,3.8560416666666666,26.504166666666666,48,1.2225263157894737,95,3.3327012341463065,1.7890794046114618,0.6066155052855531,0.5439768944838468,-0.4801868739114648,26.597916666666666,0.5754358282064936
2025-10-15,0.40541666666666665,26.674166666666668,48,3.84625,26.517083333333332,48,1.270421052631579,95,2.338355998108534,1.7825015996430378,0.6039239589244938,0.5459259411386896,-0.4429581458477237,26.595625,0.5750864622260465
2025-10-16,0.3485416666666667,26.924583333333334,48,4.391041666666666,26.298333333333332,48,1.679684210526316,95,1.8411833800896482,2.148479471822372,0.6424387056625125,0.5129178929518313,-0.1248366190085468,26.61145833333333,0.577500263545498
2025-10-17,0.32416666666666666,26.663958333333333,48,4.50625,26.264583333333334,48,1.7593684210526317,95,1.6281094009386967,2.225873645174254,0.6023538902138755,0.507825222660145,-0.06289783407612476,26.464270833333334,0.5550614394377026
2025-10-18,0.38083333333333336,26.417083333333334,48,4.827708333333334,26.365625,48,2.068421052631579,95,2.1234608738366347,2.4418215827546423,0.5643838611917856,0.5230717972988367,0.17732973866045515,26.391354166666666,0.5439452491507547
2025-10-19,0.6427083333333333,26.067916666666665,48,5.031875,26.391666666666666,48,2.426315789473684,95,4.41264029086865,2.5789758140111423,0.5106811028449305,0.527001326844891,0.4555224318840149,26.229791666666664,0.519314947529246
2025-10-20,0.5164583333333334,25.678333333333335,48,3.0025,26.085,48,1.518421052631579,95,3.3090263475739787,1.2156907459809707,0.450762154092772,0.48072718691055266,-0.25018697371986864,25.881666666666668,0.46624307904499074
2025-10-21,0.5064583333333333,25.41625,48,3.04,25.895416666666666,48,1.679684210526316,95,3.22161138176846,1.2408823394770627,0.41045304311404696,0.4521202118152751,-0.1248366190085468,25.655833333333334,0.43181464969912986
2025-10-22,0.4775,25.317916666666665,48,2.3002083333333334,25.621875,48,1.3323157894736841,95,2.968472209956646,0.7439081811180503,0.3953291159423786,0.410844433463518,-0.39484717419611987,25.469895833333332,0.4034683644674131
2025-10-23,0.4014583333333333,25.030833333333334,48,2.283333333333333,25.267291666666665,48,1.23,95,2.303754240810516,0.732571964044809,0.35117493873356864,0.3573399591644389,-0.47437755590591396,25.1490625,0.3545571272048434
2025-10-24,0.3072916666666667,24.72875,48,2.2877083333333332,25.023541666666667,48,1.2506315789473685,95,1.4805966461418845,0.7355109832860196,0.30471372178670764,0.3205595626133684,-0.45834056535537926,24.876145833333332,0.31295081498798205
2025-10-25,0.23791666666666667,24.17395833333333,48,2.5479166666666666,24.655208333333334,48,1.657578947368421,95,0.8741553208661,0.9103126514894571,0.2193852936974027,0.2649802967139727,-0.1420191088841197,24.414583333333333,0.24258533047160338
2025-10-26,0.21770833333333334,23.728541666666665,48,3.1064583333333333,24.312083333333334,48,2.0505263157894738,95,0.6975042441341149,1.2855274412840254,0.15087903036472047,0.21320481541515768,0.16342010399927723,24.0203125,0.18247850156289347
2025-10-27,0.19979166666666667,23.462708333333335,48,2.8677083333333333,23.809791666666666,48,2.1367368421052633,95,0.540885763732561,1.1251409626922406,0.10999315945148318,0.13741204953085698,0.23043181451401126,23.63625,0.1239279392943564
2025-10-28,0.21354166666666669,22.991041666666668,48,1.7622916666666666,23.603541666666665,48,1.6493684210526316,95,0.661081341715149,0.3825487677463325,0.03744957657721148,0.1062901755261047,-0.1484011765521896,23.297291666666666,0.07225353473188811
2025-10-29,0.17416666666666666,22.5125,48,2.4814583333333333,22.940416666666668,48,2.0566315789473686,95,0.31688491385591994,0.8656675496824944,-0.03615139951033375,0.0062286351653716345,0.16816574406014978,22.726458333333333,-0.014770354943073579
2025-10-30,0.229375,21.413333333333334,48,1.0410416666666666,22.118333333333332,48,1.164,95,0.7994883709072197,-0.10196954716183436,-0.20520614475974025,-0.11781875354447921,-0.5256795613915529,21.765833333333333,-0.16121822183768994
2025-10-31,0.16979166666666667,21.40375,48,0.5854166666666667,21.4425,48,0.9892631578947368,95,0.2786408663160057,-0.4080474081393505,-0.20668008681460648,-0.21979790432368732,-0.661503052788938,21.423125,-0.21346431618634412
2025-11-01,0.16833333333333333,21.171458333333334,48,0.7822916666666667,21.446875,48,1.0241052631578949,95,0.26589285046936756,-0.2757915422848682,-0.2424071605358133,-0.2191377433599502,-0.6344201758898207,21.309166666666666,-0.2308373335776594
2025-11-02,0.1744,20.874,50,1.4816,21.1914,50,1.2213684210526317,95,0.31892459639138204,0.19398689136214095,-0.288157040230109,-0.2576873712938361,-0.4810869090954233,21.0327,-0.27298484545877677
2025-11-03,0.2125,20.277083333333334,48,1.6829166666666666,20.702916666666667,48,0.6908421052631579,95,0.6519756161104073,0.32922656151293805,-0.37996440491710654,-0.3313965434316368,-0.893466666109171,20.490000000000002,-0.35571979131559683
2025-11-04,0.20395833333333332,20.135833333333334,48,2.001875,20.639166666666668,48,0.6248421052631579,95,0.577308666151527,0.5434950595269196,-0.40168902911708704,-0.3410160317603782,-0.9447686715948099,20.387500000000003,-0.3713459788046774
2025-11-05,0.18125,20.104583333333334,48,2.3745833333333333,20.548541666666665,48,1.028421052631579,95,0.37880384796816213,0.7938715082186325,-0.4064953619046934,-0.35469079458064856,-0.6310654992950662,20.3265625,-0.38063593783019817
2025-11-06,0.17395833333333333,20.191666666666666,48,2.1904166666666667,20.699375,48,1.2376842105263157,95,0.3150637687349716,0.6701527934933814,-0.3931017145365639,-0.3319309594499003,-0.4684045951396435,20.445520833333333,-0.36250066739063525
2025-11-07,0.15270833333333333,20.21625,48,2.30875,21.227916666666665,48,1.6361052631578947,95,0.129306966398245,0.7496462663032711,-0.3893207327436471,-0.25217722778317697,-0.1587106704775333,20.72208333333333,-0.320338545659427
2025-11-08,0.14979166666666666,20.721875,48,2.0554166666666664,21.471875,48,1.6994736842105262,95,0.10381093470496866,0.5794630569074505,-0.31155426824017635,-0.2153653949957375,-0.10945419950089126,21.096875,-0.2632013275845154
2025-11-09,0.16520833333333335,20.388958333333335,48,1.6091666666666666,21.548541666666665,48,1.7022105263157894,95,0.23857567365514312,0.27968309430395744,-0.36275773353747565,-0.2037968600121532,-0.10732684361153463,20.96875,-0.2827340619458664
2025-11-10,0.20833333333333334,19.553125,48,0.2760416666666667,19.732916666666668,48,0.03810526315789474,95,0.6155527136914414,-0.6158780544821084,-0.49131111449665305,-0.4777636599630771,-1.4008410457207285,19.643020833333335,-0.48484228163441334
2025-11-11,0.21083333333333334,18.842916666666667,48,0.43416666666666665,18.729166666666668,48,-0.4228421052631579,95,0.637406455142821,-0.509653501906921,-0.600543037649653,-0.6292234467862043,-1.7591368703166015,18.78604166666667,-0.6154892780497253
2025-11-12,0.1522916666666667,18.757291666666667,48,0.7985416666666667,18.590625,48,0.30547368421052634,95,0.12566467615634852,-0.2648751851032284,-0.6137123894876945,-0.650128543971215,-1.1930147396066573,18.67395833333333,-0.6325764505479484
2025-11-13,0.13291666666666668,19.080416666666668,48,1.185625,18.873541666666668,48,0.631578947368421,95,-0.043701820091843493,-0.004841958904680197,-0.5640149084638448,-0.6074381349828778,-0.9395321032517783,18.976979166666666,-0.58638073976976135
2025-11-14,0.12687500000000002,19.18625,48,1.379375,18.985416666666666,48,0.7152631578947368,95,-0.09651502859934423,0.12531460749179452,-0.5477374614231514,-0.5905568760530278,-0.8744841058656811,19.085833333333333,-0.5697858556985322
2025-11-15,0.12729166666666666,19.234791666666666,48,1.5158333333333334,19.237083333333334,48,0.8956842105263157,95,-0.09287273835744779,0.21698401715812882,-0.5402716244930698,-0.5525819025199561,-0.7342422599288629,19.2359375,-0.5469023839792588
2025-11-16,0.12541666666666668,19.146041666666665,48,1.5935416666666666,19.481666666666666,48,1.161578947368421,95,-0.1092630444459824,0.2691865970139191,-0.5539216096098719,-0.515675761023412,-0.5275614531398298,19.313854166666665,-0.5350239406440632
2025-11-17,0.12833333333333333,19.5425,48,1.6566666666666667,19.733125,48,1.070421052631579,95,-0.08376701275270632,0.3115924460656738,-0.4929452676444393,-0.47773222372670876,-0.5984187685314778,19.637812500000003,-0.485636295226338
2025-11-18,0.1375,19.4075,48,1.8041666666666667,19.891666666666666,48,1.2134736842105263,95,-0.0036366274309809167,0.41067938048363517,-0.5137086252868989,-0.45380924785032883,-0.4872235126224137,19.649583333333332,-0.4838418245085884
2025-11-19,0.14458333333333334,19.63375,48,1.6945833333333333,19.859791666666666,48,1.0988421052631578,95,0.05828230668126129,0.3370639461561667,-0.47891077590462905,-0.4586189920146996,-0.5763269958343128,19.746770833333333,-0.469025530883271
2025-11-20,0.14479166666666668,19.589375,48,1.515625,20.180625,48,1.1286315789473684,95,0.060103451802209634,0.21684406386092828,-0.48573576846302985,-0.4102071880073074,-0.5531715451924694,19.884999999999998,-0.4479524101535861
2025-11-21,0.13770833333333332,19.647708333333334,48,1.4564583333333334,20.45,48,1.3596842105263158,95,-0.001815482310032816,0.1770973274559834,-0.476763947259498,-0.3695601343829189,-0.3735736153025534,20.048854166666665,-0.4229727425516308
2025-11-22,0.14145833333333332,19.7975,48,1.3135416666666666,20.633125,48,1.4362105263157894,95,0.03096512986703663,0.08108936557643318,-0.4537255920975718,-0.3419276826150631,-0.3140894717809276,20.2153125,-0.3975960681537129
2025-11-23,0.151875,19.978125,48,0.8458333333333333,20.498541666666668,48,1.1526315789473685,95,0.12202238591445184,-0.23310578663871256,-0.42594498858520735,-0.3622354913090729,-0.5345162704704188,20.238333333333333,-0.3940865280774051
2025-11-24,0.14479166666666668,20.00625,48,0.6372916666666667,20.403958333333332,48,1.1014736842105264,95,0.060103451802209634,-0.37319903713642344,-0.4216192890763612,-0.37650754262034347,-0.5742814613253159,20.205104166666665,-0.3991523347938858
2025-11-25,0.12770833333333334,20.17875,48,1.0247916666666668,20.88625,48,1.562315789473684,95,-0.0892304481155511,-0.11288590434347409,-0.39508833208877436,-0.3037326554274126,-0.21606745810980266,20.5325,-0.3492406404054907
2025-11-26,0.14708333333333334,20.050625,48,0.6679166666666667,20.729583333333334,48,1.343157894736842,95,0.08013604813264093,-0.3526259024479484,-0.4147942965179604,-0.3273727051764769,-0.3864195720190531,20.390104166666667,-0.37094897200871535
2025-11-27,0.165,19.5375,48,0.32375,19.448541666666667,48,0.4285263157894737,95,0.2367545285341948,-0.5838287494231915,-0.4937142808904562,-0.5206741226059931,-1.0973655459659686,19.493020833333333,-0.5077098730818489
2025-11-28,0.16458333333333333,18.873333333333335,48,0.20458333333333334,18.282083333333333,48,0.33757894736842103,95,0.2331122382922981,-0.6638820354218835,-0.5958648737363827,-0.6966856100328694,-1.1680592185968968,18.577708333333334,-0.647249821726719
2025-11-29,0.15395833333333334,18.357083333333332,48,0.8191666666666667,18.186666666666667,48,0.7342105263157895,95,0.14023383712393478,-0.2510198086803779,-0.6752654913876398,-0.7110834062896132,-0.8597562574009044,18.271875,-0.6938742998445451
2025-11-30,0.15041666666666667,18.169583333333332,48,1.6927083333333333,18.097083333333334,48,1.1761052631578948,95,0.10927437006781368,0.335804366481362,-0.7041034881132778,-0.724600987928041,-0.5162701026501677,18.133333333333333,-0.7149950613897459
2025-12-01,0.150625,17.647916666666667,48,1.445,17.570833333333333,48,0.7689473684210526,95,0.11109551518876203,0.1693998961099553,-0.7843372034477192,-0.8040089209947118,-0.8327552018821471,17.609375,-0.7948728287373841
2025-12-02,0.16083333333333333,17.18125,48,1.6895833333333334,17.337291666666665,48,1.1416842105263159,95,0.20033162611522864,0.3337050670233545,-0.856111773075974,-0.8392489419637292,-0.5430256940278453,17.259270833333332,-0.8482464223865716
2025-12-03,0.16041666666666668,16.530833333333334,48,1.5422916666666666,16.704791666666665,48,0.8121052631578948,95,0.1966893358733322,0.23475808590259356,-0.9561475794953536,-0.9346893555783026,-0.7992084359346002,16.6178125,-0.946037136368034
2025-12-04,0.15583333333333332,15.807291666666666,48,1.268125,16.02,48,1.0856842105263158,95,0.1566241432124694,0.05057954678672192,-1.0674302046377322,-1.0380202645213532,-0.5865546683792965,15.913645833333334,-1.0533877739962714
2025-12-05,0.14875,15.122916666666667,48,0.8935416666666667,15.274791666666667,48,1.4530526315789474,95,0.09470520910022719,-0.20105648157979567,-1.1726888926863108,-1.1504676820112505,-0.3009980509233482,15.198854166666667,-1.1623581993520355
2025-12-06,0.15395833333333334,14.725208333333333,48,0.3416666666666667,14.783958333333333,48,1.2727368421052632,95,0.14023383712393478,-0.5717927658639477,-1.2338574879632476,-1.2245314548952873,-0.4411580754798065,14.754583333333333,-1.230087558743224
2025-12-07,0.151875,14.48125,48,0.43041666666666667,14.566875,48,1.213578947368421,95,0.12202238591445184,-0.5121726612565303,-1.2713789259251609,-1.257288013191198,-0.48714169124205375,14.5240625,-1.265230600321817
2025-12-08,0.16208333333333333,14.237708333333334,48,0.42041666666666666,14.314583333333333,48,0.898421052631579,95,0.21125849684091846,-0.5188904195221548,-1.3088362794499062,-1.2953572954333747,-0.7321149040395062,14.276145833333334,-1.3030256472974389
2025-12-09,0.155625,14.126458333333334,48,0.4320833333333333,13.907291666666666,48,0.41810526315789476,95,0.1548029980915213,-0.5110530348789262,-1.3259468241737846,-1.3568151375336681,-1.1054658626215956,14.016874999999999,-1.3425516439034575
2025-12-10,0.15354166666666666,14.1425,48,0.6566666666666666,14.176875,48,0.8256521739130435,92,0.13659154688203812,-0.360183380496776,-1.3234795733428135,-1.316136647672911,-0.7886783800274167,14.1596875,-1.3207797912128783
2025-12-11,0.15770833333333334,14.074583333333333,48,0.67875,14.160625,48,0.4396842105263158,95,0.17301444930100424,-0.3453483309935219,-1.3339253366012114,-1.3185886741096493,-1.0886924796478221,14.117604166666666,-1.3271954210356312
2025-12-12,0.15291666666666667,14.193541666666667,48,0.8889583333333333,14.351666666666667,48,0.6804210526315789,95,0.13112811151919332,-0.20413545411820694,-1.3156292297897232,-1.2897616453597929,-0.9015669827647983,14.272604166666667,-1.3035655765399479
2025-12-13,0.13291666666666668,14.790833333333333,48,1.053125,14.423958333333333,48,0.7841052631578947,95,-0.043701820091843493,-0.09385225592420468,-1.223764189109274,-1.2788532713399454,-0.8209729231103258,14.607395833333333,-1.2525263828510196
2025-12-14,0.14708333333333334,14.348333333333333,48,1.0877083333333333,14.348125,48,0.31073684210526314,95,0.08013604813264093,-0.07062000858892006,-1.2918218613817798,-1.2902960613780565,-1.1889236705886637,14.348229166666666,-1.2920364991851994
2025-12-15,0.1575,13.434166666666666,48,0.7902083333333333,13.198125,48,-0.6329473684210526,95,0.1711933041800559,-0.2704733169912489,-1.432423116528557,-1.4638240861318261,-1.9224523455149034,13.316145833333334,-1.4493782325610243
2025-12-16,0.1475,13.26,48,1.7202083333333333,13.350416666666666,48,0.24442105263157896,95,0.08377833837453737,0.35427820171182944,-1.4592104112648163,-1.440844197346499,-1.2404711402153823,13.305208333333333,-1.4510456611040667
2025-12-17,0.13708333333333333,13.242083333333333,48,1.9852083333333332,13.499375,48,0.7536842105263157,95,-0.007278917672877603,0.5322987957508786,-1.4619660420630438,-1.4183672883430667,-0.8446193020343283,13.370729166666667,-1.441056970117652
2025-12-18,0.12979166666666667,13.353541666666667,48,2.2114583333333333,13.867916666666666,48,1.081263157894737,95,-0.07101899690606815,0.6842880765106328,-1.4448234551205814,-1.3627565862073028,-0.5899911663544111,13.610729166666665,-1.404468823801756
2025-12-19,0.12854166666666667,13.445625,48,2.107083333333333,14.187708333333333,48,1.4449473684210525,95,-0.08194586763175797,0.6141714746131771,-1.4306607945064347,-1.3145019633817525,-0.30729829721105834,13.816666666666666,-1.373073526377048
2025-12-20,0.12979166666666667,13.468958333333333,48,1.01875,13.926875,48,0.9250526315789473,95,-0.07101899690606815,-0.11694454996228892,-1.427072066025022,-1.353860131315035,-0.7114140948084591,13.697916666666668,-1.3911770362729339
2025-12-21,0.13020833333333334,13.69375,48,0.71875,14.189583333333333,48,0.9811578947368421,95,-0.06737670666417146,-0.31847729793102386,-1.3924985121728404,-1.3142190372544367,-0.667803299076648,13.941666666666666,-1.354017200170852
2025-12-22,0.136875,14.119375,48,0.5152083333333334,14.339791666666667,48,0.8189473684210526,95,-0.009100062793825945,-0.4552116692959225,-1.3270362596056422,-1.2915535108327938,-0.7938900462112085,14.229583333333334,-1.310124128809247
2025-12-23,0.1379166666666667,14.319166666666666,48,0.4891666666666667,14.530625,48,0.8343157894736842,95,5.662810915769621e-6,-0.47270583144598627,-1.2963077719835459,-1.2627579183193058,-0.7819441246786676,14.424895833333334,-1.2803486191120657
2025-12-24,0.13979166666666668,14.588541666666666,48,0.5077083333333333,14.667916666666667,48,0.7525263157894737,95,0.016395968899450372,-0.4602499879951409,-1.2548771833543793,-1.2420414385525063,-0.8455193372182869,14.628229166666667,-1.2493503284833203
2025-12-25,0.13604166666666667,15.020625,48,0.4864583333333333,14.919166666666667,48,0.7322105263157894,95,-0.016384643277619074,-0.47452522430959293,-1.1884216220110755,-1.2041293374921718,-0.861310863627742,14.969895833333334,-1.1972630368530512
2025-12-26,0.12791666666666668,15.301041666666666,48,0.5533333333333333,15.27375,48,0.7844210526315789,95,-0.08740930299460276,-0.4296002159082291,-1.1452927957969548,-1.1506248631930929,-0.8207274589692461,15.287395833333333,-1.1488599682893135
2025-12-27,0.11979166666666666,15.564375,48,0.7045833333333333,15.607291666666667,48,0.8671578947368421,95,-0.1584339627115867,-0.3279941221406586,-1.1047914315067253,-1.1002954487672258,-0.7564158540063878,15.585833333333333,-1.1033629894720205
2025-12-28,0.12104166666666666,16.142916666666668,48,0.7004166666666667,15.969375,48,0.7846315789473685,95,-0.14750709198589687,-0.3307931880846688,-1.01581019049884,-1.0456592699588834,-0.8205638162085263,16.056145833333332,-1.0316635621212082
2025-12-29,0.13208333333333333,15.771666666666667,48,0.6102083333333334,15.758333333333333,48,0.3703157894736842,95,-0.050986400575636866,-0.3913929657724898,-1.0729094240156034,-1.0775041774001095,-1.142612769304977,15.765,-1.0760489219098062
2025-12-30,0.145,14.501875,48,0.506875,14.638125,48,-0.7718947368421053,95,0.061924596923157736,-0.46080980118394294,-1.2682067462853406,-1.2465368203531926,-2.030456567589933,14.57,-1.2582274004410399
2025-12-31,0.13666666666666666,14.167916666666667,48,0.9089583333333333,14.125833333333333,48,-0.16231578947368422,95,-0.01092120791477429,-0.19069993758695794,-1.3195704226755602,-1.3238385255831782,-1.5566289539259222,14.146875,-1.3227330646490134
2026-01-01,0.12958333333333333,14.122291666666667,48,1.7802083333333334,14.093958333333333,48,0.5050526315789474,95,-0.0728401420270165,0.39458475130557646,-1.3265876685454654,-1.328648269747549,-1.0378814024443426,14.108125000000001,-1.3286405257729341
2026-01-02,0.12937500000000002,14.03125,48,1.7077083333333334,14.162708333333333,48,0.7212631578947368,95,-0.0746612871479646,0.34588100387979887,-1.340590118066692,-1.318274311745965,-0.8698202871851685,14.096979166666667,-1.3303397148596532
2026-01-03,0.12666666666666668,14.499791666666667,48,1.7335416666666668,14.648958333333333,48,1.2267368421052631,95,-0.09833617372029257,0.3632352127326622,-1.268527168471181,-1.244902136062034,-0.47691401869707,14.574375,-1.2575604290238231
2026-01-04,0.13145833333333334,14.4925,48,1.0047916666666667,14.720625,48,0.7477894736842106,95,-0.05644983593848165,-0.1263214208747231,-1.2696486461216225,-1.2340880707512918,-0.8492012993344811,14.606562499999999,-1.2526534250257277
2026-01-05,0.12729166666666666,14.72625,48,1.0377083333333332,14.951041666666667,48,0.9998947368421053,95,-0.09287273835744779,-0.10420879991704257,-1.2336972768703272,-1.1993195933278011,-0.653239093372591,14.838645833333334,-1.217272179369557
2026-01-06,0.12791666666666668,15.061041666666666,48,1.150625,15.236458333333333,48,1.1503157894736842,95,-0.08740930299460276,-0.028354112834365886,-1.1822054316057715,-1.156251949503043,-0.536316340838336,15.14875,-1.1699966101063526
2026-01-07,0.13083333333333333,15.515208333333334,48,0.9010416666666666,15.54625,48,1.1325263157894736,95,-0.061913271301326685,-0.19601816288057733,-1.1123533950925593,-1.1095062660231778,-0.5501441541191542,15.530729166666667,-1.1117636532745852
2026-01-08,0.12895833333333334,16.120416666666667,48,0.6847916666666667,15.773541666666667,48,0.9121052631578948,95,-0.07830357738986128,-0.34128968537470705,-1.0192707501059166,-1.0752093321452136,-0.7214781245927231,15.946979166666667,-1.0483060870079524
2026-01-09,0.11958333333333333,16.668958333333332,48,0.7747916666666667,16.097291666666667,48,1.142,95,-0.1602551078325349,-0.2808298609840866,-0.9349035885741337,-1.0263574208286632,-0.5427802298867659,16.383125,-0.981815388820167
2026-01-10,0.114375,16.931875,48,0.6835416666666667,16.684791666666666,48,1.2703157894736843,95,-0.20578373585624238,-0.3421294051579101,-0.8944663087210721,-0.9377072342696724,-0.4430399672280835,16.808333333333334,-0.9169921191754234
2026-01-11,0.12666666666666668,16.708541666666665,48,0.245,16.074166666666667,48,1.359263157894737,95,-0.09833617372029257,-0.6367310957649844,-0.9288155670431658,-1.0298468430655596,-0.3739009008239928,16.391354166666666,-0.9805608473449258
2026-01-12,0.13145833333333334,15.6575,48,0.13145833333333334,15.041041666666667,48,2.400421052631579,95,-0.05644983593848165,-0.7130056427392625,-1.0904685597996584,-1.1857391392166365,0.43539437231548683,15.349270833333334,-1.1394270868172462
2026-01-13,0.13208333333333333,15.263125,48,0.11791666666666667,14.367708333333333,48,3.393263157894737,95,-0.050986400575636866,-0.7221026070572958,-1.1511244795792503,-1.2873410551594233,1.2071336318697863,14.815416666666668,-1.2208134799895416
2026-01-14,0.12687500000000002,14.938958333333334,48,0.113125,14.090416666666666,48,3.950315789473684,95,-0.09651502859934423,-0.7253215328929076,-1.20098217169602,-1.3291826857658124,1.6401323767342213,14.5146875,-1.2666598247872816
2026-01-15,0.130625,14.555833333333334,48,0.11624999999999999,13.449166666666667,48,3.9886315789473685,95,-0.06373441642227502,-0.7232222334348999,-1.2599078116720737,-1.42594342130786,1.6699153591852145,14.002500000000001,-1.3447431214171697
2026-01-16,0.12854166666666667,14.275,48,0.1175,12.872083333333334,48,3.8347368421052632,95,-0.08194586763175797,-0.7223825136516968,-1.3031007223233626,-1.5130217960484291,1.5502925010990836,13.573541666666667,-1.410138080848099
2026-01-17,0.13791666666666666,14.058541666666667,48,0.11770833333333333,12.536875,48,3.476421052631579,95,5.662810915526995e-6,-0.7222425603544963,-1.3363925874321825,-1.5636027003652435,1.271772522354084,13.297708333333333,-1.4521890406764384
2026-01-18,0.14,13.667083333333334,48,0.12041666666666667,12.001458333333334,48,2.143473684210526,95,0.018217114020398717,-0.7204231674908897,-1.3965999161515976,-1.6443938278321253,0.23566838285704278,12.834270833333335,-1.5228403700859099
2026-01-19,0.12833333333333333,12.895416666666666,24,0.11967741935483871,11.75290322580645,31,1.4757894736842105,95,-0.08376701275270632,-0.720919775964827,-1.5152842937868902,-1.681899285963952,-0.28332463276561615,12.32415994623656,-1.6006070858126953
2026-02-08,0.01,14.829333333333333,15,0.01,14.778666666666666,15,1.3226315789473684,95,-1.1181774414513412,-0.7945984150071601,-1.2178427871149433,-1.2253299352990454,-0.4023747411892279,14.803999999999998,-1.2225539577830413
2026-02-09,0.0075,18.666666666666668,48,0.0075,18.619166666666665,48,1.3089473684210526,95,-1.1400311829027208,-0.7962778545735663,-0.6276507545717527,-0.6458217795887393,-0.41301152063601104,18.642916666666665,-0.6373087715558204
2026-02-10,0.05229166666666667,11.617291666666667,48,0.05416666666666667,13.185625,48,1.4186315789473685,95,-0.7484849818988362,-0.7649283160006519,-1.7118633047999892,-1.4657102603139323,-0.3277536423010259,12.401458333333334,-1.5888228995748637
2026-02-11,0.08,10.64,48,0.1,10.682291666666666,48,1.3522105263157895,95,-0.506272680812712,-0.7341385906165396,-1.862173352177731,-1.8434480765170658,-0.3793829333081042,10.661145833333332,-1.8541346011806277
2026-02-12,0.08,11.228125,48,0.11854166666666667,11.481875,48,1.3118947368421052,95,-0.506272680812712,-0.7216827471656941,-1.77171816911498,-1.7227958013350062,-0.4107205219859347,11.355,-1.7483561104644012
2026-02-13,0.08,11.553125,48,0.17729166666666668,11.735625,48,1.3813684210526316,95,-0.506272680812712,-0.6822159173551504,-1.7217323081238742,-1.6845064654382504,-0.3567184109484201,11.644375,-1.7042407152970576
2026-02-14,0.08895833333333333,11.915,48,0.18083333333333335,11.946041666666666,48,1.5124210526315789,95,-0.42796344061193514,-0.6798367113027416,-1.666074974443393,-1.6527558667061297,-0.2548507924003813,11.930520833333333,-1.6606176085567073
2026-02-15,0.09,12.361458333333333,48,0.16020833333333334,12.74125,48,1.961578947368421,95,-0.41885771500719365,-0.6936920877255922,-1.5974085000177904,-1.5327637524878073,0.09428103759518655,12.551354166666666,-1.565971188399267
2026-02-16,0.09479166666666666,12.866666666666667,48,0.13395833333333335,12.915208333333334,48,1.116,95,-0.37697137722538276,-0.7113262031728564,-1.5197061199514879,-1.5065144951201628,-0.5629901108356538,12.8909375,-1.5142015022057678
2026-02-17,0.09166666666666666,12.907083333333333,48,0.16770833333333335,12.94375,48,1.3678947368421053,95,-0.4042885540396073,-0.6886537690263738,-1.5134899295461839,-1.502207730737687,-0.36719154763448353,12.925416666666667,-1.5089451322272254
2026-02-18,0.09,13.118541666666667,48,0.21958333333333332,13.305625,48,1.5406315789473684,95,-0.41885771500719365,-0.6538053980234467,-1.4809670776833808,-1.4476029881657129,-0.23292266246393595,13.212083333333332,-1.4652426241276828
2026-02-19,0.08979166666666666,13.719375,48,0.20854166666666668,13.867083333333333,48,1.7410526315789474,95,-0.42067886012814204,-0.6612229227750738,-1.3885573192870033,-1.3628823311527762,-0.0771347542587423,13.793229166666666,-1.3766465875407097
2026-02-20,0.09,14.325,48,0.15645833333333334,14.62375,48,1.7,95,-0.41885771500719365,-0.6962112470752013,-1.2954105898631927,-1.248705920662615,-0.10904509259909188,14.474374999999998,-1.2728054899887802
2026-02-21,0.09,15.01125,48,0.15458333333333335,15.268958333333334,48,1.6265263157894736,95,-0.41885771500719365,-0.6974708267500059,-1.1898635218473574,-1.1513478966295667,-0.1661564160902816,15.140104166666667,-1.1713146726689476
2026-02-22,0.09,15.851041666666667,48,0.11875,15.164375,48,0.44279999999999997,75,-0.41885771500719365,-0.7215427938684938,-1.0607013387350832,-1.167128887286522,-1.0862705667891701,15.507708333333333,-1.115273193350893
2026-02-23,0.09,15.132916666666667,48,0.11,14.454583333333334,48,-0.3243157894736842,95,-0.41885771500719365,-0.7274208323509151,-1.1711508661942769,-1.2742321445937852,-1.682552058299763,14.79375,-1.2241165765319493
2026-02-24,0.09020833333333333,14.393958333333334,48,0.11333333333333333,14.225,48,0.40180851063829787,94,-0.4170365698862453,-0.7251815795957071,-1.2848046155118744,-1.3088748770718024,-1.1181333790936936,14.309479166666666,-1.2979439603091203
2026-02-25,0.09,14.13625,48,0.16145833333333334,14.309375,48,1.1126315789473684,95,-0.41885771500719365,-0.6928523679423891,-1.3244408399003347,-1.2961432013425858,-0.5656083950071696,14.2228125,-1.3111563464787495
2026-02-26,0.09041666666666666,14.298541666666667,48,0.14625,14.81875,48,1.4632631578947368,95,-0.4152154247652971,-0.7030689586380264,-1.299479951623366,-1.2192816034217584,-0.2930613770284408,14.558645833333333,-1.2599583500714362
2026-02-27,0.09416666666666666,14.57625,48,0.16770833333333335,15.058958333333333,48,1.5355789473684212,95,-0.38243481258822765,-0.6886537690263738,-1.2567676742508376,-1.183035622888951,-0.2368500887212096,14.817604166666666,-1.2204799942809335
2026-02-28,0.09958333333333334,14.930208333333333,48,0.22854166666666667,15.387708333333332,48,1.8305263157894738,95,-0.3350850394435717,-0.6477874062438248,-1.20232794487655,-1.1334292418995582,-0.007586580952852266,15.158958333333333,-1.1684403434661799
2026-03-01,0.10020833333333334,15.399583333333334,48,0.13041666666666668,15.250208333333333,48,2.357473684210526,95,-0.3296216040807268,-0.7137054092252652,-1.1301368264067027,-1.1541771579027262,0.40201124912865965,15.324895833333333,-1.1431430704274548
2026-03-02,0.1,16.042083333333334,48,0.10250000000000001,15.454375,48,2.7995604395604397,91,-0.33144274920167516,-0.7324591510501335,-1.0313186242935164,-1.1233696462616583,0.7456466604633497,15.748229166666668,-1.078605645675804
2026-03-03,0.10187500000000001,16.482083333333332,48,0.1,15.672083333333333,48,3.0149473684210526,95,-0.3150524431131404,-0.7341385906165396,-0.9636454586440197,-1.0905187792566422,0.9130675908564113,16.077083333333334,-1.02847162748167
2026-03-04,0.09958333333333334,16.688333333333333,48,0.1,16.054583333333333,48,2.8623404255319147,94,-0.3350850394435717,-0.7341385906165396,-0.9319236622458178,-1.0328018492841928,0.794445739019364,16.371458333333333,-0.9835939792660786
2026-03-05,0.0975,16.727708333333332,48,0.1,16.330416666666665,48,2.341157894736842,95,-0.3532964906530548,-0.7341385906165396,-0.9258676829334339,-0.991180272332383,0.38932893517287964,16.5290625,-0.9595671279744333
2026-03-06,0.095625,17.321458333333332,48,0.1,16.902083333333334,48,2.0206315789473686,95,-0.3696867967415895,-0.7341385906165396,-0.8345473599689136,-0.9049192397373929,0.140182831977074,17.11177083333333,-0.8707328873098831
2026-03-07,0.09645833333333334,17.876041666666666,48,0.1,17.676041666666666,48,1.8097802197802197,91,-0.3624022162577963,-0.7341385906165396,-0.7492509740981932,-0.7881336216286513,-0.023712585972130155,17.776041666666664,-0.7694643937957898
2026-03-08,0.09869565217391305,18.48086956521739,46,0.1,18.264565217391304,46,1.6930526315789474,95,-0.34284470126326455,-0.7341385906165396,-0.656226840988965,-0.6993289874735892,-0.11444530370284331,18.37271739130435,-0.678500815811677
2026-03-09,0.095625,18.758541666666666,48,0.1,18.629375,48,1.8282105263157895,95,-0.3696867967415895,-0.7341385906165396,-0.6135201361761903,-0.6442814040066858,-0.009386651320769466,18.693958333333335,-0.6295274383549565
2026-03-10,0.09791666666666667,18.940625,48,0.099375,19.243541666666665,48,2.0686315789473686,95,-0.34965420041115824,-0.7345584505081412,-0.5855152371337372,-0.5516073791925349,0.17749338142117504,19.092083333333335,-0.5688330393882223
2026-03-11,0.10020833333333334,19.257291666666667,48,0.1,19.570208333333333,48,2.4986813186813186,91,-0.3296216040807268,-0.7341385906165396,-0.5368110648859931,-0.5023153605668262,0.5117723830413063,19.41375,-0.5197947599509447
2026-03-12,0.10354166666666667,19.97875,48,0.1,19.351041666666667,48,2.8347368421052632,95,-0.30048328214555403,-0.7341385906165396,-0.42584886192945476,-0.5353862812264214,0.772989387680313,19.664895833333333,-0.4815074245483294
2026-03-13,0.10604166666666667,19.734791666666666,48,0.1,18.700833333333332,48,3.3533684210526316,95,-0.2786295406941744,-0.7341385906165396,-0.46337029989136846,-0.6334987749323121,1.1761233287133952,19.2178125,-0.5496655512791568
2026-03-14,0.105625,18.522083333333335,48,0.10020833333333334,18.447708333333335,48,4.214842105263158,95,-0.2822718309360711,-0.7339986373193391,-0.6498880542690779,-0.6716938021199621,1.8457495055785762,18.484895833333333,-0.6613991439348197
2026-03-15,0.10437500000000001,18.338125,48,0.09770833333333334,18.569166666666668,48,4.855789473684211,95,-0.2931987016617608,-0.7356780768857454,-0.6781813332787872,-0.6533664763171636,2.343959890589828,18.453645833333333,-0.6661632254863686
2026-03-16,0.10083333333333334,18.527291666666667,48,0.1,18.405625,48,5.406631578947368,95,-0.3241581687178819,-0.7341385906165396,-0.6490869988044771,-0.6780439218663864,2.7721311740130306,18.466458333333335,-0.6642099520502331
2026-03-17,0.10312500000000001,16.338125,48,0.1,17.504166666666666,48,5.519473684210526,95,-0.30412557238745064,-0.7341385906165396,-0.9857866316855924,-0.8140685166326114,2.8598436937588114,16.921145833333334,-0.8997937847743315
2026-03-18,0.10875,15.378333333333334,48,0.09958333333333334,16.50125,48,5.636315789473684,95,-0.25495465412184654,-0.7344184972109407,-1.133405132702275,-0.965402558510265,2.950665425958268,15.939791666666666,-1.0494018257648088
2026-03-19,0.10645833333333334,15.585,48,0.09958333333333334,16.354166666666668,48,5.644736842105263,95,-0.27498725045227784,-0.7344184972109407,-1.101619251866905,-0.9875965413863809,2.9572111363870577,15.969583333333334,-1.0448600680189986
2026-03-20,0.106875,16.338125,48,0.09520833333333334,16.597291666666667,48,5.402315789473684,95,-0.2713449602103813,-0.7373575164521514,-0.9857866316855924,-0.9509104535444155,2.768776497418276,16.467708333333334,-0.9689206080873075
2026-03-21,0.10791666666666667,17.113541666666666,48,0.09729166666666667,16.96375,48,5.019052631578948,95,-0.2622392346056397,-0.7359579834801463,-0.8665254941157876,-0.8956141137723356,2.4708648515279874,17.038645833333334,-0.8818808381405073
2026-03-22,0.10854166666666668,17.997083333333332,48,0.09708333333333334,17.540208333333332,48,4.519473684210526,95,-0.2567757992427948,-0.7360979367773468,-0.7306344451008646,-0.808630047740872,2.082540580340041,17.76864583333333,-0.7705918930963231
2026-03-23,0.11166666666666666,18.867708333333333,48,0.09729166666666667,18.166458333333335,48,3.7302105263157896,95,-0.22945862242857037,-0.7359579834801463,-0.5967300136381521,-0.7141327212173514,1.4690438704017321,18.517083333333332,-0.6564921399367243
2026-03-24,0.11479166666666667,19.289791666666666,48,0.09791666666666667,18.663958333333333,48,2.9102105263157894,95,-0.20214144561434583,-0.7355381235885448,-0.5318124787868826,-0.6390629887695252,0.8316553173983401,18.976875,-0.5863966200415999
2026-03-25,0.115,19.296041666666667,48,0.09791666666666667,19.222083333333334,48,2.470842105263158,95,-0.20032030049339747,-0.7355381235885448,-0.5308512122293612,-0.5548453115384836,0.49013287577624043,19.2590625,-0.5433769636311124
2026-03-26,0.11729166666666667,19.541458333333335,48,0.09979166666666667,19.602291666666666,48,2.1797894736842105,95,-0.1802877041629662,-0.7342785439137401,-0.4931054787373594,-0.49747418016608713,0.2638967590811982,19.571875,-0.495688507300107
2026-03-27,0.11520833333333333,19.697083333333335,48,0.10104166666666667,20.034375,48,1.996,95,-0.19849915537244925,-0.7334388241305371,-0.4691699414550798,-0.4322754259379496,0.1210366289728642,19.865729166666668,-0.4508902604437075
2026-03-28,0.12104166666666667,20.006666666666668,48,0.10125,20.15833333333333,48,1.325578947368421,95,-0.14750709198589673,-0.7332988708333366,-0.4215552046391932,-0.4135708652987302,-0.4000837425391516,20.0825,-0.4178434147477962
2026-03-29,0.12229166666666666,19.923125,48,0.175625,19.928333333333335,48,1.3732631578947367,95,-0.13658022126020705,-0.6833355437327545,-0.43440413429139446,-0.4482764702494837,-0.3630186572361302,19.925729166666667,-0.4417432238647336
2026-03-30,0.12937500000000002,19.968333333333334,48,0.493125,20.184583333333332,48,1.5076842105263157,95,-0.0746612871479646,-0.4700467187991766,-0.4274509728586571,-0.40960989951630705,-0.2585327545165754,20.076458333333335,-0.41876447051442867
2026-03-31,0.13583333333333333,20.203333333333333,48,0.471875,20.49416666666667,48,1.6221052631578947,95,-0.01820578839856742,-0.48432195511362863,-0.3913073502958575,-0.36289565227281,-0.1695929140653961,20.348750000000003,-0.3772534399285982
2026-04-01,0.14395833333333333,20.60333333333333,48,0.34291666666666665,20.828125,48,1.6723157894736842,95,0.05281887131841626,-0.5709530460807446,-0.3297862906144967,-0.3125033653742065,-0.13056411563373782,20.715729166666666,-0.321307242241575
2026-04-02,0.13416666666666668,21.010833333333334,48,0.3233333333333333,21.227083333333333,48,1.7152631578947368,95,-0.03277494936615368,-0.5841086560175927,-0.26711171106410975,-0.2523029727286506,-0.09718099244691064,21.11895833333333,-0.2598347099547545
2026-04-03,0.14020833333333335,21.386041666666667,48,0.26458333333333334,21.700416666666666,48,1.6769473684210527,95,0.02003825914134706,-0.6235754858281365,-0.20940367539424978,-0.1808798436995629,-0.12696397489790343,21.543229166666666,-0.19515436275655731
2026-04-04,0.15,21.81625,48,0.23291666666666666,22.015208333333334,48,1.666421052631579,95,0.105632079825917,-0.644848387002614,-0.14323649401820268,-0.13337969054685508,-0.1351461129338905,21.915729166666665,-0.1383665106620934
2026-04-05,0.14375000000000002,22.236875,48,0.16625,22.159583333333334,48,1.5072631578947369,95,0.05099772619746816,-0.6896334421067774,-0.0785432546970213,-0.11159437874352854,-0.2588600400380149,22.198229166666668,-0.09529921343609007
2026-04-06,0.15729166666666666,21.970208333333332,48,0.136875,21.365208333333335,48,0.39631578947368423,95,0.16937215905910755,-0.7093668570120493,-0.11955729448459572,-0.23146074801637684,-1.122402888356089,21.667708333333334,-0.17617743790955373
2026-04-07,0.15520833333333334,21.406458333333333,48,0.453125,20.968125,48,0.996421052631579,95,0.1511607078496246,-0.4969177518616746,-0.20626353797301378,-0.29137821453461704,-0.6559391989244667,21.187291666666667,-0.24941725162870038
2026-04-08,0.15208333333333335,21.30125,48,0.9416666666666667,21.054375,48,1.4138947368421053,95,0.12384353103540019,-0.1687272699264778,-0.2224448583579551,-0.2783636126780844,-0.33143560441722003,21.1778125,-0.25086235636600335
2026-04-09,0.13458333333333333,21.166666666666668,48,1.0141666666666667,21.327083333333334,48,1.4106315789473685,95,-0.029132659124257235,-0.12002352250070018,-0.24314413156324613,-0.23721357927180087,-0.333972067208376,21.246875000000003,-0.2403337361370799
2026-04-10,0.12166666666666666,21.242291666666667,48,0.890625,21.507916666666667,48,1.5336842105263158,95,-0.14204365662305196,-0.20301582774060284,-0.23151280621723902,-0.2099269261039981,-0.2383228735676874,21.375104166666667,-0.22078512150389093
2026-04-11,0.12375,21.407083333333333,48,0.5510416666666667,22.039791666666666,48,1.2472631578947369,95,-0.12383220541356889,-0.43113970217743475,-0.2061674113172617,-0.12967021465537973,-0.4609588495268952,21.7234375,-0.16768149247595815
2026-04-12,0.12,21.692916666666665,48,0.41333333333333333,22.293958333333332,48,1.3709473684210527,95,-0.15661281759063833,-0.5236488316269721,-0.1622054874199559,-0.0913180062858872,-0.3648187276040472,21.9934375,-0.12651982787057484
2026-04-13,0.11833333333333333,22.007708333333333,48,0.38979166666666665,22.68,48,1.4325263157894736,95,-0.17118197855822473,-0.5394635542106297,-0.1137896951394679,-0.03306666029517421,-0.316953220093523,22.343854166666667,-0.07309859340587188
2026-04-14,0.11479166666666667,22.329583333333332,48,0.461875,22.919166666666666,48,1.5107368421052632,95,-0.20214144561434583,-0.4910397133792532,-0.0642844674271229,0.0030221390557908082,-0.25615993448613916,22.624375,-0.030333021344800246
2026-04-15,0.11041666666666666,22.63458333333333,48,0.5679166666666666,23.219166666666666,48,1.5970526315789473,95,-0.2403854931542602,-0.4198034851041934,-0.01737465942008515,0.048290319426339524,-0.18906640259104535,22.926875,0.015783288074193852
2026-04-16,0.11229166666666666,22.911041666666666,48,0.5690909090909091,23.08681818181818,22,1.5903157894736841,95,-0.22399518706572547,-0.41901465742906324,0.025145364640938986,0.028319735813372687,-0.19430297093407706,22.998929924242425,0.02676810520320517
